{
    "rmse": 0.7117835324409613,
    "mae": 0.5511763265030131,
    "r2": 0.23572816857122791
}